<?xml version="1.0" encoding="utf-8" ?>
<component
    name="Categories"
    extends="Group"
    xmlns:xsi="http://www.w3.org/2001/XMLSchema-instance" 
    xsi:noNamespaceSchemaLocation="https://devtools.web.roku.com/schema/RokuSceneGraph.xsd">
    <script type="text/brightscript" uri="pkg:/components/screens/Categories.brs" />
    <children>
        <Label
            translation="[75, 150]"
            id="env"
            font="font:LargeBoldSystemFont"
            text="PICK A CATEGORY:"/>
        <RadioButtonList
            id="CategoryList"
            translation="[100, 200]"
            itemSize="[400,48]">
            <ContentNode id="CategoryListContent" role="content" >
                <Category title="POSTS" feed_url="https://jsonplaceholder.typicode.com/posts"/>
                <Category title="ALBUMS" feed_url="https://jsonplaceholder.typicode.com/albums"/>
                <Category title="USERS" feed_url="https://jsonplaceholder.typicode.com/users"/>
              </ContentNode>
        </RadioButtonList>
    </children>
</component>